# id,nombre
1,Alice
2,Bob
3,Charlie
4,Diana
5,Eve
6,Frank
7,Grace
8,Heidi
9,Ivan
10,Judy
11,Karl
12,Laura
13,Mallory
14,Niaj
15,Olivia
16,Paul
17,Quinn
18,Rachel
19,Sam
20,Tina
21,Uma
22,Victor
23,Wendy
24,Xander
25,Yara
26,Zane
27,Abel
28,Bella
29,Camilo
30,Daniela
31,Emilio
32,Fabiola
33,Gabriel
34,Hugo
35,Isabel
36,Julio
37,Karina
38,Leonardo
39,Marina
40,Norberto
41,Oscar
42,Patricia
43,Raul
44,Sara
45,Tomas
46,Ursula
47,Valeria
48,Wilmer
49,Ximena
50,Yolanda
51,Zoe
52,Andres
53,Beatriz
54,Cesar
55,Denisse
56,Esteban
57,Flor
58,Gonzalo
59,Hilda
60,Ignacio
61,Javier
62,Katia
63,Luis
64,Monica
65,Nestor
66,Orlando
67,Pilar
68,Renato
69,Susana
70,Teo
71,Ulises
72,Veronica
73,Wilfredo
74,Xochitl
75,Yahir
76,Zulema
77,Adrian
78,Bianca
79,Claudio
80,Delfina
81,Elena
82,Fausto
83,Gema
84,Hernan
85,Irma
86,Jacobo
87,Karen
88,Leandro
89,Mirna
90,Nicolas
91,Ofelia
92,Pedro
93,Quetzal
94,Rosa
95,Silvio
96,Teresa
97,Ubaldo
98,Vanessa
99,Walter
100,Xenia
